"Carimbo de data/hora","Você estudou o E.M em escola particular ou pública?","Você entrou na faculdade direto do E.M?","Você teve dificuldade para escolher o curso que entrou?","Você saiu do curso que entrou inicialmente?","A sua escola teve alguma influência no curso que você escolheu inicialmente?","Você sentiu falta de um acompanhamento psicológico durante o E.M?","Você sentiu falta de algum contexto em relação à faculdade? (Ex. Visita de professores, visita à faculdades)","Você sentiu falta de abordagem de assuntos fora do escopo do enem?"
"2017/09/03 6:20:34 PM GMT","Particular","Fiz um ano de cursinho","Sim","Não","Não","Sim","Não","Sim"
"2017/09/03 6:22:31 PM GMT","Particular","Sim","Não","Não","Não","Não","Sim","Sim"
"2017/09/03 6:23:03 PM GMT","Particular","Sim","Tinha uma ideia geral. Sabia que era engenharia mas não sabia qual a engenharia certa. Entrei pensando em uma mas escolhi outra, graças ao processo de entrada de engenharias na UFPE.","Não","Não","Não","Sim","Sim"
"2017/09/03 6:24:55 PM GMT","Particular","Sim","Sim","Sim","Não","Sim","Sim","Sim"
"2017/09/03 6:26:21 PM GMT","Particular","Sim","Não","Não","Não","Sim","Sim","Sim"
"2017/09/03 6:40:20 PM GMT","Particular","Sim","Sim","Sim","Não","Sim","Sim","Sim"
"2017/09/03 6:53:42 PM GMT","Particular","Sim","Sim","Não","Os professores da escola tiveram","Não sei ","Sim","Sim"
"2017/09/03 6:56:15 PM GMT","Particular","Sim","Sim","Não","Não","Não","Sim","Sim"
"2017/09/03 6:58:11 PM GMT","Particular","Não","Sim","Sim","Não","Sim","Não","Sim"
"2017/09/03 7:06:02 PM GMT","Particular","Sim","Não","Ainda não","Acho que não","Não","Não","Sim"
"2017/09/04 3:46:44 PM GMT","Particular","Sim","Sim","Sim","Sim","Sim","Sim","Sim"