INSERT INTO Telefone VALUES('58460798062' , '81992456787');
INSERT INTO Telefone VALUES('28749984004',  '81984557382');
INSERT INTO Telefone VALUES('39038523092',  '81999430595');
INSERT INTO Telefone VALUES('23867997004',  '81998538593');
INSERT INTO Telefone VALUES('18176057045',  '81995423424');
INSERT INTO Telefone VALUES('87379462008',  '81924242432');
INSERT INTO Telefone VALUES('42982252082',  '81942942948');
INSERT INTO Telefone VALUES('98949042037',  '81992492049');
INSERT INTO Telefone VALUES('33231104041',  '81924204509');
INSERT INTO Telefone VALUES('33233427042',  '81992592050');
INSERT INTO Telefone VALUES('86329246050',  '81998295922');
INSERT INTO Telefone VALUES('39812324020',  '81998492492');
INSERT INTO Telefone VALUES('76613464007',  '81924920495');
INSERT INTO Telefone VALUES('01757262059',  '81999829482');


-------------------------------------------------------------------------------------------------------------

INSERT INTO Endereco VALUES('51020000', 'Rua 1', '12', 'Recife', 'Pernambuco', '1');
INSERT INTO Endereco VALUES('51020900', 'Rua 2', '148', 'Recife', 'Pernambuco', '2');
INSERT INTO Endereco VALUES('51111190', 'Rua 1', '11', 'Recife', 'Pernambuco', '3');
INSERT INTO Endereco VALUES('53401445', 'Rua 7', '5584', 'Paulista', 'Pernambuco', '4');
INSERT INTO Endereco VALUES('58631170', 'Rua 7', '5600', 'Paulista', 'Pernambuco', '5');
INSERT INTO Endereco VALUES('41940000', 'Rua 9', '112', 'Salvador', 'Bahia', '6');
INSERT INTO Endereco VALUES('40080001', 'Rua 15', '455', 'Salvador', 'Bahia', '7');
INSERT INTO Endereco VALUES('60125150', 'Rua 49', '1', 'Fortaleza', 'Ceará', '8');
INSERT INTO Endereco VALUES('60192205', 'Rua 22', '556', 'Fortaleza', 'Ceará', '9');
INSERT INTO Endereco VALUES('65075441', 'Rua 190', '87', 'São Luís', 'Maranhão', '10');
INSERT INTO Endereco VALUES('65074115', 'Rua 200', '99', 'São Luís', 'Maranhão', '11');
INSERT INTO Endereco VALUES('58410185', 'Rua 77', '13', 'Campina Grande', 'Paraíba', '12');
INSERT INTO Endereco VALUES('58089181', 'Rua 16', '77', 'João Pessoa', 'Paraíba', '13');
INSERT INTO Endereco VALUES('57035180', 'Rua 44', '112', 'Maceió', 'Alagoas', '14');
INSERT INTO Endereco VALUES('57055000', 'Rua 46', '145', 'Maceió', 'Alagoas', '15');
INSERT INTO Endereco VALUES('57884933', 'Rua 34', '88', 'São Paulo', 'São Paulo', '16');
INSERT INTO Endereco VALUES('41889785', 'Rua 80', '23', 'Rio de Janeiro', 'Rio de Janeiro', '17');
INSERT INTO Endereco VALUES('58926355', 'Rua 13', '11', 'Recife', 'Pernambuco', '18');
INSERT INTO Endereco VALUES('46335200', 'Rua 120', '1165', 'Recife', 'Pernambuco', '19');
INSERT INTO Endereco VALUES('52366963', 'Rua 223', '154', 'Recife', 'Pernambuco', '20');
INSERT INTO Endereco VALUES('52323963', 'Rua 123', '313', 'Recife', 'Pernambuco', '21');

----------------------------------------------------------------------------------------------------------------------
INSERT INTO Pessoa VALUES('58460798062', 'Roberto Silva',      'M', TO_DATE('16/12/1996', 'dd/MM/yyyy'), '51020000');
INSERT INTO Pessoa VALUES('28749984004', 'Maria Santos',       'F', TO_DATE('16/12/1996', 'dd/MM/yyyy'), '51020900');
INSERT INTO Pessoa VALUES('39038523092', 'Cleyton Dias',       '0', TO_DATE('09/05/1996', 'dd/MM/yyyy'), '51111190');
INSERT INTO Pessoa VALUES('23867997004', 'Jobson Barros',      'M', TO_DATE('30/05/1990', 'dd/MM/yyyy'), '53401445');
INSERT INTO Pessoa VALUES('18176057045', 'Marilia Arruda',     'F', TO_DATE('01/01/2000', 'dd/MM/yyyy'), '58631170');
INSERT INTO Pessoa VALUES('87379462008', 'Cristina Bento',     '0', TO_DATE('10/05/1997', 'dd/MM/yyyy'), '41940000');
INSERT INTO Pessoa VALUES('42982252082', 'Cleber Correa',      'M', TO_DATE('02/02/1987', 'dd/MM/yyyy'), '40080001');
INSERT INTO Pessoa VALUES('98949042037', 'Mateus Pereira',     'M', TO_DATE('05/06/1988', 'dd/MM/yyyy'), '60125150');
INSERT INTO Pessoa VALUES('33231104041', 'Fernanda Fernandes', 'F', TO_DATE('06/04/1944', 'dd/MM/yyyy'), '60192205');
INSERT INTO Pessoa VALUES('33233427042', 'Carlos Gomes',       'M', TO_DATE('10/07/1980', 'dd/MM/yyyy'), '65075441');
INSERT INTO Pessoa VALUES('86329246050', 'Bob Freitas',        'M', TO_DATE('15/12/1995', 'dd/MM/yyyy'), '65074115');
INSERT INTO Pessoa VALUES('39812324020', 'Cleide Silva',       'F', TO_DATE('23/10/1994', 'dd/MM/yyyy'), '58410185');
INSERT INTO Pessoa VALUES('76613464007', 'Carla Cristina',     'F', TO_DATE('17/03/1990', 'dd/MM/yyyy'), '58089181');
INSERT INTO Pessoa VALUES('01757262059', 'Joao Matheus',       'M', TO_DATE('09/03/1985', 'dd/MM/yyyy'), '57035180');
INSERT INTO Pessoa VALUES('36748353041', 'Guilherme de Paula', 'M', TO_DATE('14/08/1979', 'dd/MM/yyyy'), '57055000');
INSERT INTO Pessoa VALUES('89965414752', 'Antonio Nunes',      'M', TO_DATE('15/03/1969', 'dd/MM/yyyy'), '57884933');
INSERT INTO Pessoa VALUES('78845985523', 'Francisca Munis',    'F', TO_DATE('10/03/1984', 'dd/MM/yyyy'), '41889785');
INSERT INTO Pessoa VALUES('66593321445', 'Carla Marina',       'F', TO_DATE('05/04/1988', 'dd/MM/yyyy'), '58926355');
INSERT INTO Pessoa VALUES('45688752331', 'Maicon Douglas',     'M', TO_DATE('10/07/1994', 'dd/MM/yyyy'), '46335200');
INSERT INTO Pessoa VALUES('56632698744', 'Vanessa Soares',     'F', TO_DATE('21/03/1999', 'dd/MM/yyyy'), '52366963');
INSERT INTO Pessoa VALUES('66596321445', 'Vanessa da Mata',     'F', TO_DATE('13/03/1999', 'dd/MM/yyyy'), '52323963');


-----------------------------------------------------------------------------------------------------------

INSERT INTO Funcionario VALUES('89965414752', '86416221740', 800.00);
INSERT INTO Funcionario VALUES('78845985523', '47068997562', 1200.00);
INSERT INTO Funcionario VALUES('66596321445', '03854186497', 2000.00);
INSERT INTO Funcionario VALUES('76613464007', '21061886923', 3400.00);
INSERT INTO Funcionario VALUES('01757262059', '23213420492', 5000.00);
INSERT INTO Funcionario VALUES('36748353041', '23256420492', 6000.00);
INSERT INTO Funcionario VALUES('66593321445', '25212220492', 8000.00);
INSERT INTO Funcionario VALUES('45688752331', '28212535392', 5000.00);
INSERT INTO Funcionario VALUES('56632698744', '99234241112', 5500.00);


--------------------------------------------------------------------------------------------------------------

INSERT INTO Cliente VALUES('58460798062', 'robertosilvaa@gmail.com', TO_DATE('12/06/2016', 'dd/MM/yyyy'));
INSERT INTO Cliente VALUES('28749984004', 'mariasantos@gmail.com', TO_DATE('02/08/2014', 'dd/MM/yyyy'));
INSERT INTO Cliente VALUES('39038523092', 'cleytondias@hotmail.com', TO_DATE('01/02/2018', 'dd/MM/yyyy'));
INSERT INTO Cliente VALUES('23867997004', 'jobsonbarros@hotmail.com', TO_DATE('09/05/2018', 'dd/MM/yyyy'));
INSERT INTO Cliente VALUES ('18176057045', 'mariliarruda@yahoo.com.br', TO_DATE('28/11/2015', 'dd/MM/yyyy'));
INSERT INTO Cliente VALUES('87379462008', 'cristinabento@gmail.com', TO_DATE('08/01/2015', 'dd/MM/yyyy'));
INSERT INTO Cliente VALUES('42982252082', 'clebercorrea@gmail.com', TO_DATE('23/07/2012', 'dd/MM/yyyy'));
INSERT INTO Cliente VALUES('98949042037', 'mateuspereira@gmail.com', TO_DATE('23/07/2012', 'dd/MM/yyyy'));
INSERT INTO Cliente VALUES('33231104041', 'fernandafernandes@gmail.com', TO_DATE('17/09/2016', 'dd/MM/yyyy'));

--------------------------------------------------------------------------------------------------------------

INSERT INTO Medicamento VALUES('1', 'Nuxcell');
INSERT INTO Medicamento VALUES('2', 'Otodem');
INSERT INTO Medicamento VALUES('3', 'Refos');
INSERT INTO Medicamento VALUES('4', 'Bravecto');
INSERT INTO Medicamento VALUES('5', 'Petprazol');
INSERT INTO Medicamento VALUES('6', 'Leevre');
INSERT INTO Medicamento VALUES('7', 'Effipro');
INSERT INTO Medicamento VALUES('8', 'Fleegard');
INSERT INTO Medicamento VALUES('9', 'Capstar');
INSERT INTO Medicamento VALUES('10', 'Frontline');
INSERT INTO Medicamento VALUES('11', 'Vectra');
INSERT INTO Medicamento VALUES('12', 'Canex');
INSERT INTO Medicamento VALUES('13', 'Drontal');
INSERT INTO Medicamento VALUES('14', 'Advocate');
INSERT INTO Medicamento VALUES('15', 'Mectimax');
INSERT INTO Medicamento VALUES('16', 'Petzi');
INSERT INTO Medicamento VALUES('17', 'Keravit');
INSERT INTO Medicamento VALUES('18', 'Doxidrat');
INSERT INTO Medicamento VALUES('19', 'Flotril');
INSERT INTO Medicamento VALUES('20', 'Baytril');

------------------------------------------------------------------------------------------------------------------------

INSERT INTO Procedimento VALUES('101', 'Banho', 'Banho é dados para higiene dos pets');
INSERT INTO Procedimento VALUES('102', 'Exame de Sangue', 'É retirado sangue dos pets e a amostra é analisada para identificação de possíveis doenças');
INSERT INTO Procedimento VALUES('103', 'Castração', 'Cirurgia para remoção de ovários e útero de cadelas e testículos dos cães machos');
INSERT INTO Procedimento VALUES('104', 'Raio X', 'Exame para verificação de fraturas nos ossos dos pets');
INSERT INTO Procedimento VALUES('105', 'Tosa', 'Procedimento para retirada de pelos dos pets para a sua higiene');
INSERT INTO Procedimento VALUES('106', 'Consulta', 'Consulta do pet com um veterinário');
INSERT INTO Procedimento VALUES('107', 'Aplicação Soro', 'Soro fisiológico é aplicado por um enfermeiro em um pet');


------------------------------------------------------------------------------------------------------------------------


INSERT INTO Pet VALUES('58460798062', 'Nina',    'Maltez',                  'Cachorro', 3,  'F');
INSERT INTO Pet VALUES('58460798062', 'Chico',   'Papagaio',                'Ave',      8,  'M');
INSERT INTO Pet VALUES('28749984004', 'Bob',     'Persa',                   'Gato',     5,  'M');
INSERT INTO Pet VALUES('39038523092', 'Pipoca',  'Beagle',                  'Cachorro', 2,  'M');
INSERT INTO Pet VALUES('23867997004', 'Lulu',    'Shitzu',                  'Cachorro', 7,  'F');
INSERT INTO Pet VALUES('18176057045', 'Mia',     'Siames',                  'Gato',     10, 'F');
INSERT INTO Pet VALUES('18176057045', 'Batman',  'Burmese',                 'Gato',     3,  'M');
INSERT INTO Pet VALUES('87379462008', 'Penelope','Schnauzer',               'Cachorro', 7,  'F');
INSERT INTO Pet VALUES('42982252082', 'Safira',  'Yorkshire',               'Cachorro', 1,  'F');
INSERT INTO Pet VALUES('98949042037', 'Mike',    'Bulldog',                 'Cachorro', 5,  'M');
INSERT INTO Pet VALUES('98949042037', 'Mel',     'Bulldog',                 'Cachorro', 3,  'F');
INSERT INTO Pet VALUES('33231104041', 'Antonio', 'Periquito Australiano',   'Ave',      4,  'M' );
INSERT INTO Pet VALUES('33231104041', 'Leticia', 'Calopsita',               'Ave',      8,  'F');
INSERT INTO Pet VALUES('87379462008', 'Sofia',   'British Shorthair',       'Cachorro', 3,  'F');
INSERT INTO Pet VALUES('18176057045', 'Chico',   'SRD',                     'Cachorro', 6,  'M');
INSERT INTO Pet VALUES('23867997004', 'Nina',    'Siames',                  'Gato',     8,  'F');
INSERT INTO Pet VALUES('39038523092', 'Marley',  'Golden Retriever',        'Cachorro', 3,  'M');
INSERT INTO Pet VALUES('28749984004', 'Carla',   'Siberiano',               'Gato',     1,  'F');
INSERT INTO Pet VALUES('58460798062', 'Erik',    'Labrador',                'Cachorro', 6,  'M');

-----------------------------------------------------------------------------------------------------------------------
INSERT INTO Veterinario VALUES('01757262059', '4877');
INSERT INTO Veterinario VALUES('36748353041', '15669');
INSERT INTO Veterinario VALUES('66593321445', '4585');
INSERT INTO Veterinario VALUES('45688752331', '4711');
INSERT INTO Veterinario VALUES('56632698744', '45523');

--------------------------------------------------------------------------------------------------------------------------

INSERT INTO Auxiliar(CPF_a, CARGO) VALUES('76613464007', 'Chefe');
INSERT INTO Auxiliar VALUES('89965414752', '76613464007', 'Auxiliar de enfermagem');
INSERT INTO Auxiliar VALUES('78845985523', '76613464007', 'Auxiliar de caixa');
INSERT INTO Auxiliar VALUES('66596321445', '76613464007', 'Auxiliar de limpeza');

--------------------------------------------------------------------------------------------

INSERT INTO PetVeterinario VALUES('58460798062', 'Nina', '01757262059', TO_DATE('13/1/2017', 'dd/MM/yyyy'));
INSERT INTO PetVeterinario VALUES('58460798062', 'Chico', '01757262059', TO_DATE('14/1/2017', 'dd/MM/yyyy'));
INSERT INTO PetVeterinario VALUES('18176057045', 'Batman', '56632698744', TO_DATE('30/5/2017', 'dd/MM/yyyy'));
INSERT INTO PetVeterinario VALUES('23867997004', 'Lulu', '36748353041', TO_DATE('26/2/2017', 'dd/MM/yyyy'));
INSERT INTO PetVeterinario VALUES('98949042037', 'Mel', '45688752331', TO_DATE('24/10/2017', 'dd/MM/yyyy'));
INSERT INTO PetVeterinario VALUES('98949042037', 'Mike', '45688752331', TO_DATE('11/11/2017', 'dd/MM/yyyy'));

-------------------------------------------------------------------------------------------------------------

INSERT INTO Realiza VALUES('101', '87379462008', 'Sofia', TO_DATE('01/05/2017', 'dd/MM/yyyy'), '66596321445');
INSERT INTO Realiza VALUES('101', '87379462008', 'Penelope', TO_DATE('01/05/2017', 'dd/MM/yyyy'), '66596321445');
INSERT INTO Realiza VALUES('103', '42982252082', 'Safira', TO_DATE('10/06/2017', 'dd/MM/yyyy'), '89965414752');
INSERT INTO Realiza VALUES('104', '28749984004', 'Carla', TO_DATE('03/12/2017', 'dd/MM/yyyy'), '89965414752');
INSERT INTO Realiza VALUES('106', '39038523092', 'Marley', TO_DATE('25/12/2017', 'dd/MM/yyyy'), '78845985523');

---------------------------------------------------------------------------------------------------------------------------

INSERT INTO Solicita VALUES ('01757262059', '101');
INSERT INTO Solicita VALUES ('01757262059', '105');
INSERT INTO Solicita VALUES ('36748353041', '102');
INSERT INTO Solicita VALUES ('36748353041', '103');
INSERT INTO Solicita VALUES ('45688752331','106');
INSERT INTO Solicita VALUES ('56632698744','103');

--------------------------------------------------------------------------------------

INSERT INTO Prescricao VALUES('58460798062', 'Nina', '01757262059', TO_DATE('13/1/2017', 'dd/MM/yyyy'), '2');
INSERT INTO Prescricao VALUES('58460798062', 'Chico', '01757262059', TO_DATE('14/1/2017', 'dd/MM/yyyy'), '3');
INSERT INTO Prescricao VALUES('18176057045', 'Batman', '56632698744', TO_DATE('30/5/2017', 'dd/MM/yyyy'), '7');
INSERT INTO Prescricao VALUES('23867997004', 'Lulu', '36748353041', TO_DATE('26/2/2017', 'dd/MM/yyyy'), '6');
INSERT INTO Prescricao VALUES('98949042037', 'Mike', '45688752331', TO_DATE('11/11/2017', 'dd/MM/yyyy'), '5');
INSERT INTO Prescricao VALUES('98949042037', 'Mel', '45688752331', TO_DATE('24/10/2017', 'dd/MM/yyyy'), '10');





